{
    "1": 0.0000000052,
    "2": 0.0000000051,
    "3": 0.000000005,
    "4": 0.0000000049,
    "5": 0.0000000048,
    "6": 0.0000000047,
    "7": 0.0000000046,
    "8": 0.0000000045,
    "9": 0.0000000044,
    "10": 0.0000000043,
    "11": 0.0000000042,
    "12": 0.0000000041,
    "13": 0.000000004,
    "14": 0.0000000039,
    "15": 0.0000000038,
    "16": 0.0000000037,
    "17": 0.0000000036,
    "18": 0.0000000035,
    "19": 0.0000000034,
    "20": 0.0000000033,
    "21": 0.0000000032,
    "22": 0.0000000031,
    "23": 0.000000003,
    "24": 0.0000000029,
    "25": 0.0000000028,
    "26": 0.0000000027,
    "27": 0.0000000026,
    "28": 0.0000000025,
    "29": 0.0000000024,
    "30": 0.0000000023,
    "31": 0.0000000022,
    "32": 0.0000000021,
    "33": 0.000000002,
    "34": 0.0000000019,
    "35": 0.0000000018,
    "36": 0.0000000017,
    "37": 0.0000000016,
    "38": 0.0000000015,
    "39": 0.0000000014,
    "40": 0.0000000013,
    "41": 0.0000000012,
    "42": 0.0000000011,
    "43": 0.000000001,
    "44": 0.0000000009,
    "45": 0.0000000008,
    "46": 0.0000000007,
    "47": 0.0000000006,
    "48": 0.0000000005,
    "49": 0.0000000004,
    "50": 0.0000000003,
    "51": 0.0000000002,
    "52": 0.0000000001
}